hero_id,hero,item_key,item,rank,timing,games,wr,ci95,baseline_wr,baseline_games,baseline_ci95,delta,avg_gpm,baseline_avg_gpm,avg_early_gpm,baseline_avg_early_gpm,avg_net_worth,baseline_avg_net_worth,status,farm_bias
25,Lina,bottle,Bottle,all,all,139,0.539568345323741,0.08286182412723522,0.4831164460399372,17828,0.007335454483172115,0.056451899283803786,615.705035971223,576.9920910926633,404.9323741007194,387.42331288343547,21337.805755395682,21507.912104554634,unclear,low
25,Lina,travel_boots,Boots of Travel,all,all,144,0.5486111111111112,0.08127978706388748,0.4831164460399372,17828,0.007335454483172115,0.06549466507117396,617.6180555555555,576.9920910926633,402.51666666666665,387.42331288343547,21587.48611111111,21507.912104554634,unclear,low
25,Lina,kaya,Kaya,all,all,124,0.5403225806451613,0.08771994946277503,0.4831164460399372,17828,0.007335454483172115,0.05720613460522406,612.5483870967741,576.9920910926633,403.0846774193548,387.42331288343547,21063.427419354837,21507.912104554634,unclear,low
25,Lina,ultimate_scepter,Aghanim's Scepter,all,all,108,0.5925925925925926,0.09266948796061346,0.4831164460399372,17828,0.007335454483172115,0.10947614655265536,635.3981481481482,576.9920910926633,406.8342592592594,387.42331288343547,22615.972222222223,21507.912104554634,signal,medium
25,Lina,yasha,Yasha,all,all,105,0.6190476190476191,0.09288782561858226,0.4831164460399372,17828,0.007335454483172115,0.13593117300768187,638.9047619047619,576.9920910926633,408.1095238095238,387.42331288343547,22479.24761904762,21507.912104554634,signal,medium
25,Lina,yasha_and_kaya,Yasha and Kaya,all,all,104,0.6153846153846154,0.09350310761340329,0.4831164460399372,17828,0.007335454483172115,0.13226816934467822,641.0769230769231,576.9920910926633,409.7519230769231,387.42331288343547,22573.615384615383,21507.912104554634,signal,medium
11,Shadow Fiend,yasha,Yasha,all,all,103,0.4854368932038835,0.09652130192974713,0.48311639313337107,15903,0.007766740740019407,0.0023205000705124323,644.0097087378641,610.6459158649311,424.30388349514567,418.2503355704698,22097.466019417476,22316.16845878136,unclear,low
11,Shadow Fiend,power_treads,Power Treads,all,all,107,0.4766355140186916,0.0946366822249982,0.48311639313337107,15903,0.007766740740019407,-0.006480879114679483,651.2523364485982,610.6459158649311,426.28224299065437,418.2503355704698,21477.30841121495,22316.16845878136,unclear,low
14,Pudge,blink,Blink Dagger,all,all,171,0.5906432748538012,0.07370069998533171,0.5079964638752712,24886,0.006211449799470928,0.08264681097853,421.7953216374269,398.0692758980953,276.1187134502925,268.0586854460095,13861.33918128655,14024.521980229849,signal,low
67,Spectre,power_treads,Power Treads,all,all,107,0.5420560747663551,0.09440444461793733,0.5358369768894441,12808,0.008637081584868455,0.006219097876910995,592.9158878504672,592.8969394128669,344.42149532710283,339.35855855855857,21159.915887850468,23174.820658963148,unclear,low
67,Spectre,yasha,Yasha,all,all,100,0.58,0.09673746740534404,0.5358369768894441,12808,0.008637081584868455,0.044163023110555866,607.23,592.8969394128669,346.38900000000007,339.35855855855857,21954.9,23174.820658963148,unclear,low
128,Snapfire,aghanims_shard,Aghanim's Shard,all,all,111,0.4954954954954955,0.0930137087533319,0.4913330742324135,12865,0.008638849856793456,0.004162421263081972,441.1801801801802,452.64127477652545,257.36126126126123,254.82419354838706,14698.918918918918,16516.343023707734,unclear,low
135,Dawnbreaker,soul_ring,Soul Ring,all,all,103,0.49514563106796117,0.0965577181928537,0.5304018015882422,8437,0.010649464082101413,-0.03525617052028107,524.2038834951456,519.9028090553514,345.1854368932039,337.80869565217404,16892.339805825242,18857.989214175654,unclear,low
135,Dawnbreaker,phase_boots,Phase Boots,all,all,109,0.5137614678899083,0.09383141653616697,0.5304018015882422,8437,0.010649464082101413,-0.016640333698333953,523.4587155963303,519.9028090553514,343.4211009174313,337.80869565217404,17001.871559633026,18857.989214175654,unclear,low
12,Phantom Lancer,power_treads,Power Treads,all,all,100,0.55,0.09750876883644875,0.5309037633916308,10921,0.009359739123109011,0.019096236608369233,647.65,624.015383206666,349.4619999999999,348.8257425742573,23958.44,24492.33220401062,unclear,low
14,Pudge,tranquil_boots,Tranquil Boots,all,all,121,0.49586776859504134,0.08908786652447238,0.5079964638752712,24886,0.006211449799470928,-0.012128695280229862,356.3801652892562,398.0692758980953,226.09752066115698,268.0586854460095,11282.347107438016,14024.521980229849,unclear,negative
26,Lion,blink,Blink Dagger,all,all,171,0.52046783625731,0.07487965508849591,0.48501234778165714,23486,0.006391846675944596,0.03545548847565283,347.7309941520468,343.00549263390957,209.8274853801169,207.66894736842104,11403.374269005848,12284.049902069319,unclear,low
26,Lion,tranquil_boots,Tranquil Boots,all,all,161,0.4720496894409938,0.07711405064004159,0.48501234778165714,23486,0.006391846675944596,-0.012962658340663347,318.7329192546584,343.00549263390957,190.48385093167707,207.66894736842104,10284.049689440993,12284.049902069319,unclear,low
86,Rubick,blink,Blink Dagger,all,all,107,0.5981308411214953,0.09289762682907161,0.49718117619132396,16851,0.00754929392693521,0.10094966493017132,402.32710280373834,395.67254168892055,234.94299065420554,235.12867132867135,13101.616822429907,14136.929440389295,signal,low
48,Luna,power_treads,Power Treads,all,all,110,0.4818181818181818,0.09337753523815305,0.505853418593212,10165,0.00971947086194298,-0.024035236775030167,660.2545454545455,661.5356615838662,349.3581818181819,346.953982300885,21306.827272727274,24152.86669945893,unclear,low
48,Luna,lifesteal,Morbid Mask,all,all,109,0.4954128440366973,0.09386302557076281,0.505853418593212,10165,0.00971947086194298,-0.010440574556514703,662.1284403669724,661.5356615838662,348.2201834862385,346.953982300885,21514.43119266055,24152.86669945893,unclear,low
48,Luna,mask_of_madness,Mask of Madness,all,all,102,0.5,0.09703445921171408,0.505853418593212,10165,0.00971947086194298,-0.005853418593211979,666.0098039215686,661.5356615838662,351.9343137254902,346.953982300885,21383.00980392157,24152.86669945893,unclear,low
48,Luna,yasha,Yasha,all,all,107,0.48598130841121495,0.09470293122311867,0.505853418593212,10165,0.00971947086194298,-0.019872110181997027,664.1308411214953,661.5356615838662,352.2757009345795,346.953982300885,21397.551401869157,24152.86669945893,unclear,low
48,Luna,manta,Manta Style,all,all,103,0.49514563106796117,0.0965577181928537,0.505853418593212,10165,0.00971947086194298,-0.010707787525250811,670.4077669902913,661.5356615838662,352.9970873786408,346.953982300885,21739.728155339806,24152.86669945893,unclear,low
7,Earthshaker,blink,Blink Dagger,all,all,101,0.44554455445544555,0.09693358635139152,0.5031465166210113,13507,0.008432144222662601,-0.057601962165565734,463.34653465346537,465.616273043607,288.9712871287128,288.94215686274504,15676.623762376237,17374.46368549641,unclear,low
2,Axe,phase_boots,Phase Boots,all,all,117,0.5213675213675214,0.09051826264067962,0.5007752862595419,16768,0.007568066176513313,0.020592235107979473,493.8119658119658,483.4203244274809,355.8820512820512,347.92575757575753,16673.923076923078,17915.98031965649,unclear,low
2,Axe,blink,Blink Dagger,all,all,130,0.5230769230769231,0.08586009091337053,0.5007752862595419,16768,0.007568066176513313,0.022301636817381176,487.10769230769233,483.4203244274809,348.4723076923076,347.92575757575753,16470.323076923076,17915.98031965649,unclear,low
2,Axe,blade_mail,Blade Mail,all,all,117,0.5470085470085471,0.09019972231208277,0.5007752862595419,16768,0.007568066176513313,0.046233260749005134,497.36752136752136,483.4203244274809,351.74358974358967,347.92575757575753,16968.76923076923,17915.98031965649,unclear,low
36,Necrophos,relic,Sacred Relic,all,all,116,0.49137931034482757,0.0909771905166834,0.4989860665925296,15287,0.007926182175415377,-0.007606756247702018,611.5344827586207,581.1331850592006,386.5258620689657,379.1364341085272,20990.28448275862,21679.16150977955,unclear,low
36,Necrophos,radiance,Radiance,all,all,115,0.4956521739130435,0.09138201611496903,0.4989860665925296,15287,0.007926182175415377,-0.0033338926794860835,614.6347826086957,581.1331850592006,388.00695652173937,379.1364341085272,21120.956521739132,21679.16150977955,unclear,low
36,Necrophos,talisman_of_evasion,Talisman of Evasion,all,all,115,0.4956521739130435,0.09138201611496903,0.4989860665925296,15287,0.007926182175415377,-0.0033338926794860835,614.6347826086957,581.1331850592006,388.00695652173937,379.1364341085272,21120.956521739132,21679.16150977955,unclear,low
36,Necrophos,aghanims_shard,Aghanim's Shard,all,all,122,0.5,0.08872503112166816,0.4989860665925296,15287,0.007926182175415377,0.0010139334074704132,610.8688524590164,581.1331850592006,383.0516393442626,379.1364341085272,21099.56557377049,21679.16150977955,unclear,low
